[{
  "_id": {
    "$oid": "60405e7621c0010b8b56d249"
  },
  "url": "https://www.youtube.com/watch?v=6F9nnhA7Q2A",
  "caption": "FOREST | Cinematic Video (SelflessLove)"
},{
  "_id": {
    "$oid": "60405ef7c383b00de495629d"
  },
  "url": "https://www.youtube.com/watch?v=rr_76nSa9Kw",
  "caption": "Nature Cinematic Videos"
},{
  "_id": {
    "$oid": "60405efbc383b00de495629e"
  },
  "url": "https://www.youtube.com/watch?v=HjbolZj1V8k",
  "caption": "Проект \"Над Неманом\" - удивительные виды реки Неман с высоты птичьего полета."
},{
  "_id": {
    "$oid": "60405efdc383b00de495629f"
  },
  "url": "https://www.youtube.com/watch?v=Hf_jBVNYY6A",
  "caption": "Lanzarote"
},{
  "_id": {
    "$oid": "60405efec383b00de49562a0"
  },
  "url": "https://www.youtube.com/watch?v=QX9hALJEN6Y",
  "caption": "Into the Nature - Monsoon in Sikkim"
},{
  "_id": {
    "$oid": "60405f00c383b00de49562a1"
  },
  "url": "https://www.youtube.com/watch?v=PiaxdSTGl5c",
  "caption": "A Nature Film - by Prantik Das"
},{
  "_id": {
    "$oid": "60405f01c383b00de49562a2"
  },
  "url": "https://www.youtube.com/watch?v=fEErySYqItI",
  "caption": "Into The Nature - Cinematic Travel Video"
},{
  "_id": {
    "$oid": "60405f03c383b00de49562a3"
  },
  "url": "https://www.youtube.com/watch?v=FsicST8l3vM",
  "caption": "Belarus: in Embrace of Stars (Беларусь: у абдымках зорак)"
},{
  "_id": {
    "$oid": "60405f05c383b00de49562a4"
  },
  "url": "https://www.youtube.com/watch?v=NUp2t2cja_E",
  "caption": "Belarus. Nature of Belarus. Красота природы. Беларусь."
},{
  "_id": {
    "$oid": "60405f07c383b00de49562a5"
  },
  "url": "https://www.youtube.com/watch?v=hbldqGLEKZg",
  "caption": "Minsk Region (tourism video) Belarus"
},{
  "_id": {
    "$oid": "60405f09c383b00de49562a6"
  },
  "url": "https://www.youtube.com/watch?v=QNdYybI3Pgs",
  "caption": "Mysterious Belarus"
},{
  "_id": {
    "$oid": "60405f0ac383b00de49562a7"
  },
  "url": "https://www.youtube.com/watch?v=2XxE8BvTyFs",
  "caption": "Национальный парк Беловежская пуща - Беларусь"
},{
  "_id": {
    "$oid": "60405f0cc383b00de49562a8"
  },
  "url": "https://www.youtube.com/watch?v=FKCJVP9OVv8",
  "caption": "Белорусские «Мальдивы» 4К // Belarusian «Maldives» 4K"
},{
  "_id": {
    "$oid": "60405f0dc383b00de49562a9"
  },
  "url": "https://www.youtube.com/watch?v=tNHWjcCyoEk",
  "caption": "CANON M3 CINEMATIC VIDEO"
}]